Workbook

Sheet Config
A1: Voice Stack Calculator — Global Config
A3: Key | B3: Value | C3: Notes
A4: usd_to_inr | B4: 95.24 | C4: FX rate — refreshed 2025-05-25 (investing.com). EDIT THIS CELL to update all INR values across every tab.
A5: last_verified | B5: 2025-05-25 | C5: Date of full price audit against official provider pages
A6: data_status | B6: live | C6: Use 'live' or 'fallback'
A8: HOW THIS WORKBOOK WORKS
A9: FORMULA-LINKED PRICING:
A10: - Edit Config!B4 (FX rate) → ALL INR cells across every tab auto-update.
A11: - Edit any USD cell in STT/LLM/TTS tabs → that row's INR cell auto-updates.
A12: - Edit a Sarvam INR cell → that row's USD cell auto-updates (Sarvam is INR-native).
A13: - Edit a USD diarization add-on → Effective USD + Effective INR cells auto-update.
A15: PRICING CONVENTION:
A16: Global providers (USD-native): USD is source of truth, INR = USD * Config!B4
A17: Sarvam (INR-native): INR is source of truth, USD = INR / Config!B4
A19: TO PUBLISH AS CSV FOR DASHBOARD:
A20: 1. Upload to Google Drive → Open with Google Sheets
A21: 2. File → Share → Publish to web
... A23: 4. Paste the URL into the dashboard's settings panel

Sheet STT_Pricing
A1: Speech-to-Text Pricing — Per Hour of Audio
A2: All prices verified against official provider pages. INR cells are formulas (= USD * Config!B4). Diarization is a FLAT $/hr add-on.
A4: id | B4: Platform | C4: Model | D4: Mode | E4: Rate (USD/hr) | F4: Rate (INR/hr) | G4: Diarization Flat (USD/hr) | H4: Diarization Flat (INR/hr) | I4: Effective w/ Diariz (USD/hr) | J4: Effective w/ Diariz (INR/hr) | K4: Notes | L4: Source URL
A5: azure_batch | B5: Azure | C5: Standard Batch | D5: Batch | E5: 0.18 | F5: =E5*Config!$B$4 | G5: 0 | H5: =G5*Config!$B$4 | I5: =E5+G5 | J5: =F5+H5 | K5: Diarization INCLUDED with batch (azure.microsoft.com) | L5: https://azure.microsoft.com/en-us/pricing/details/cognitive-services/speech-services/
A6: azure_fast | B6: Azure | C6: Fast Transcription | D6: Fast | E6: 0.36 | F6: =E6*Config!$B$4 | G6: 0 | H6: =G6*Config!$B$4 | I6: =E6+G6 | J6: =F6+H6 | K6: Part of batch family; diarization INCLUDED | L6: https://azure.microsoft.com/en-us/pricing/details/cognitive-services/speech-services/
A7: azure_realtime | B7: Azure | C7: Standard Realtime | D7: Realtime | E7: 1 | F7: =E7*Config!$B$4 | G7: 0.3 | H7: =G7*Config!$B$4 | I7: =E7+G7 | J7: =F7+H7 | K7: Real-time only; diarization add-on $0.30/hr (azure.microsoft.com) | L7: https://azure.microsoft.com/en-us/pricing/details/cognitive-services/speech-services/
A8: deepgram_nova3_batch | B8: Deepgram | C8: Nova-3 English | D8: Batch | E8: 0.258 | F8: =E8*Config!$B$4 | G8: 0.12 | H8: =G8*Config!$B$4 | I8: =E8+G8 | J8: =F8+H8 | K8: PAYG $0.0043/min; diarization $0.0020/min = $0.12/hr (deepgram.com) | L8: https://deepgram.com/pricing
A9: deepgram_nova3_stream | B9: Deepgram | C9: Nova-3 Streaming | D9: Realtime | E9: 0.462 | F9: =E9*Config!$B$4 | G9: 0.12 | H9: =G9*Config!$B$4 | I9: =E9+G9 | J9: =F9+H9 | K9: PAYG $0.0077/min; diarization $0.0020/min = $0.12/hr (deepgram.com) | L9: https://deepgram.com/pricing
A10: assemblyai_universal2 | B10: AssemblyAI | C10: Universal-2 | D10: Batch | E10: 0.15 | F10: =E10*Config!$B$4 | G10: 0.02 | H10: =G10*Config!$B$4 | I10: =E10+G10 | J10: =F10+H10 | K10: Pre-recorded; diarization add-on $0.02/hr (assemblyai.com) | L10: https://www.assemblyai.com/pricing
A11: assemblyai_stream | B11: AssemblyAI | C11: Universal-Streaming | D11: Realtime | E11: 0.15 | F11: =E11*Config!$B$4 | G11: 0.12 | H11: =G11*Config!$B$4 | I11: =E11+G11 | J11: =F11+H11 | K11: Streaming; diarization add-on $0.12/hr (higher than batch) | L11: https://www.assemblyai.com/pricing
A12: openai_4o_transcribe | B12: OpenAI | C12: GPT-4o Transcribe | D12: Batch | E12: 0.36 | F12: =E12*Config!$B$4 | G12: 0 | H12: =G12*Config!$B$4 | I12: =E12+G12 | J12: =F12+H12 | K12: $0.006/min; diarize variant model at same per-min rate | L12: https://openai.com/api/pricing/
A13: openai_realtime_stt | B13: OpenAI | C13: GPT-Realtime | D13: Realtime | E13: 1.02 | F13: =E13*Config!$B$4 | G13: 0 | H13: =G13*Config!$B$4 | I13: =E13+G13 | J13: =F13+H13 | K13: gpt-realtime-whisper $0.017/min; speaker labels included | L13: https://openai.com/api/pricing/
A14: google_chirp3_batch | B14: Google Cloud | C14: Chirp 3 Dynamic Batch | D14: Batch | E14: 0.18 | F14: =E14*Config!$B$4 | G14: 0 | H14: =G14*Config!$B$4 | I14: =E14+G14 | J14: =F14+H14 | K14: Dynamic Batch (24hr SLA) — ideal for post-call analytics; diarization included | L14: https://cloud.google.com/speech-to-text/pricing
A15: google_chirp3_realtime | B15: Google Cloud | C15: Chirp 3 Standard | D15: Realtime | E15: 0.96 | F15: =E15*Config!$B$4 | G15: 0 | H15: =G15*Config!$B$4 | I15: =E15+G15 | J15: =F15+H15 | K15: Standard tier (sync + streaming); diarization included in Chirp 3 model | L15: https://cloud.google.com/speech-to-text/pricing
A16: aws_transcribe | B16: AWS Transcribe | C16: Standard Tier 1 | D16: Both | E16: 1.44 | F16: =E16*Config!$B$4 | G16: 0 | H16: =G16*Config!$B$4 | I16: =E16+G16 | J16: =F16+H16 | K16: Tier 1; speaker labels included in base rate | L16: https://aws.amazon.com/transcribe/pricing/
... A18: elevenlabs_scribe_rt | B18: ElevenLabs | C18: Scribe v2 Realtime | D18: Realtime | E18: 0.39 | F18: =E18*Config!$B$4 | G18: 0 | H18: =G18*Config!$B$4 | I18: =E18+G18 | J18: =F18+H18 | K18: Official API rate (elevenlabs.io/pricing/api); diarization NOT supported on realtime | L18: https://elevenlabs.io/pricing/api
A19: sarvam_saarika | B19: Sarvam AI | C19: Sarvam Speech-to-Text | D19: Batch | E19: =F19/Config!$B$4 | F19: 30 | G19: =H19/Config!$B$4 | H19: 15 | I19: =E19+G19 | J19: =F19+H19 | K19: INR-NATIVE: Rs 30/hr base + Rs 15/hr diarization = Rs 45/hr | L19: https://www.sarvam.ai/api-pricing
A20: sarvam_saaras | B20: Sarvam AI | C20: Sarvam Speech-to-Text & Translate | D20: Batch | E20: =F20/Config!$B$4 | F20: 30 | G20: =H20/Config!$B$4 | H20: 15 | I20: =E20+G20 | J20: =F20+H20 | K20: INR-NATIVE: Rs 30/hr base + Rs 15/hr diariz. Transcribes + translates Indic audio to English. | L20: https://www.sarvam.ai/api-pricing
A21: bhashini_asr | B21: Bhashini | C21: ASR Indian Lang | D21: Batch | E21: 0 | F21: =E21*Config!$B$4 | G21: 0 | H21: =G21*Config!$B$4 | I21: =E21+G21 | J21: =F21+H21 | K21: Govt of India free tier (rate-limited); diarization N/A | L21: https://bhashini.gov.in/ulca

Sheet LLM_Pricing
A1: LLM Pricing — Per Million Tokens
A2: All prices verified against official provider pages. INR cells are formulas (USD * Config!B4). Sarvam rows are INR-native (USD derived as INR/FX).
A4: id | B4: Model | C4: Provider | D4: Input (USD/1M) | E4: Input (INR/1M) | F4: Output (USD/1M) | G4: Output (INR/1M) | H4: Notes | I4: Source URL
A5: gpt5_nano | B5: GPT-5-nano | C5: OpenAI | D5: 0.05 | E5: =D5*Config!$B$4 | F5: 0.4 | G5: =F5*Config!$B$4 | H5: Cheapest GPT-5 tier | I5: https://openai.com/api/pricing/
A6: gpt41_nano | B6: GPT-4.1-nano | C6: OpenAI | D6: 0.1 | E6: =D6*Config!$B$4 | F6: 0.4 | G6: =F6*Config!$B$4 | H6: Latest nano | I6: https://openai.com/api/pricing/
A7: gpt4o_mini | B7: GPT-4o-mini | C7: OpenAI | D7: 0.15 | E7: =D7*Config!$B$4 | F7: 0.6 | G7: =F7*Config!$B$4 | H7: Workhorse cheap model | I7: https://openai.com/api/pricing/
A8: gpt4o | B8: GPT-4o | C8: OpenAI | D8: 2.5 | E8: =D8*Config!$B$4 | F8: 10 | G8: =F8*Config!$B$4 | H8: Premium tier | I8: https://openai.com/api/pricing/
A9: claude_haiku_45 | B9: Claude Haiku 4.5 | C9: Anthropic | D9: 1 | E9: =D9*Config!$B$4 | F9: 5 | G9: =F9*Config!$B$4 | H9: Fastest Claude | I9: https://www.anthropic.com/pricing
A10: claude_sonnet_46 | B10: Claude Sonnet 4.6 | C10: Anthropic | D10: 3 | E10: =D10*Config!$B$4 | F10: 15 | G10: =F10*Config!$B$4 | H10: Most capable mid-tier | I10: https://www.anthropic.com/pricing
A11: gemini_2_flash | B11: Gemini 2.0 Flash | C11: Google | D11: 0.1 | E11: =D11*Config!$B$4 | F11: 0.4 | G11: =F11*Config!$B$4 | H11: Cheap and fast (deprecating Jun 2026) | I11: https://ai.google.dev/pricing
A12: gemini_25_pro | B12: Gemini 2.5 Pro | C12: Google | D12: 1.25 | E12: =D12*Config!$B$4 | F12: 10 | G12: =F12*Config!$B$4 | H12: Reasoning model (<200K tokens) | I12: https://ai.google.dev/pricing
A13: sarvam_30b | B13: Sarvam-30B (Chat) | C13: Sarvam | D13: =E13/Config!$B$4 | E13: 2.5 | F13: =G13/Config!$B$4 | G13: 10 | H13: INR-NATIVE: Rs 2.5 in / Rs 10 out per 1M tokens. Cached input Rs 1.5/1M. | I13: https://www.sarvam.ai/api-pricing
A14: sarvam_105b | B14: Sarvam-105B / Indus | C14: Sarvam | D14: =E14/Config!$B$4 | E14: 4 | F14: =G14/Config!$B$4 | G14: 16 | H14: INR-NATIVE: Rs 4 in / Rs 16 out per 1M tokens. Cached input Rs 2.5/1M. | I14: https://www.sarvam.ai/api-pricing

Sheet TTS_Pricing
A1: Text-to-Speech Pricing — Per Million Characters
A2: All prices verified against official provider pages. INR cells are formulas (= USD * Config!B4).
A4: id | B4: Platform | C4: Model | D4: Tier | E4: Rate (USD/1M chars) | F4: Rate (INR/1M chars) | G4: Notes | H4: Source URL
A5: google_standard | B5: Google Cloud | C5: Standard Voices | D5: Standard | E5: 4 | F5: =E5*Config!$B$4 | G5: First 1M chars free per month | H5: https://cloud.google.com/text-to-speech/pricing
A6: aws_polly_standard | B6: AWS Polly | C6: Standard Voices | D6: Standard | E6: 4 | F6: =E6*Config!$B$4 | G6: $4/1M chars (aws.amazon.com) | H6: https://aws.amazon.com/polly/pricing/
A7: aws_polly_neural | B7: AWS Polly | C7: Neural Voices | D7: Premium | E7: 19.2 | F7: =E7*Config!$B$4 | G7: $19.20/1M chars neural | H7: https://aws.amazon.com/polly/pricing/
A8: aws_polly_generative | B8: AWS Polly | C8: Generative Voices | D8: Premium | E8: 30 | F8: =E8*Config!$B$4 | G8: $30/1M chars generative | H8: https://aws.amazon.com/polly/pricing/
A9: openai_tts1 | B9: OpenAI | C9: TTS-1 | D9: Standard | E9: 15 | F9: =E9*Config!$B$4 | G9: Standard quality (openai.com) | H9: https://openai.com/api/pricing/
A10: openai_tts1_hd | B10: OpenAI | C10: TTS-1-HD | D10: Premium | E10: 30 | F10: =E10*Config!$B$4 | G10: HD quality (openai.com) | H10: https://openai.com/api/pricing/
A11: azure_neural | B11: Azure | C11: Neural Standard | D11: Standard | E11: 15 | F11: =E11*Config!$B$4 | G11: Prebuilt neural voices (azure.microsoft.com) | H11: https://azure.microsoft.com/en-us/pricing/details/cognitive-services/speech-services/
A12: azure_hd | B12: Azure | C12: HD Voices | D12: Premium | E12: 22 | F12: =E12*Config!$B$4 | G12: HD voices reduced March 2026 (azure.microsoft.com) | H12: https://azure.microsoft.com/en-us/pricing/details/cognitive-services/speech-services/
A13: deepgram_aura2 | B13: Deepgram | C13: Aura-2 Streaming | D13: Standard | E13: 30 | F13: =E13*Config!$B$4 | G13: Aura-2 $0.030/1K chars (deepgram.com) | H13: https://deepgram.com/pricing
A14: elevenlabs_flash | B14: ElevenLabs | C14: Flash v2.5 | D14: Standard | E14: 50 | F14: =E14*Config!$B$4 | G14: Official API rate $0.05/1K chars (elevenlabs.io/pricing/api) | H14: https://elevenlabs.io/pricing/api
A15: sarvam_bulbul_std | B15: Sarvam AI | C15: Bulbul v2 Standard | D15: Standard | E15: =F15/Config!$B$4 | F15: 1500 | G15: INR-NATIVE: Rs 15/10K chars (Rs 1,500/1M) | H15: https://www.sarvam.ai/api-pricing
A16: sarvam_bulbul_prem | B16: Sarvam AI | C16: Bulbul v3 Premium | D16: Premium | E16: =F16/Config!$B$4 | F16: 3000 | G16: INR-NATIVE: Rs 30/10K chars (Rs 3,000/1M) | H16: https://www.sarvam.ai/api-pricing
A17: bhashini_tts | B17: Bhashini | C17: TTS Indian Lang | D17: Standard | E17: 0 | F17: =E17*Config!$B$4 | G17: Govt of India free tier (rate-limited) | H17: https://bhashini.gov.in/ulca

Sheet Recommended_Stacks
A1: Curated Recommended Stacks
A3: stack_id | B3: Label | C3: Badge | D3: STT ID | E3: LLM ID | F3: TTS ID | G3: Tagline
A4: cheapest | B4: Cheapest Stack | C4: Money | D4: sarvam_saarika | E4: gemini_2_flash | F4: sarvam_bulbul_std | G4: Lowest total monthly cost
A5: best_batch | B5: Best for Batch / Async | C5: Box | D5: assemblyai_universal2 | E5: gpt4o_mini | F5: google_standard | G5: Best for post-call analytics & async workloads
A6: best_realtime | B6: Best for Real-Time | C6: Bolt | D6: deepgram_nova3_stream | E6: gpt4o_mini | F6: elevenlabs_flash | G6: Sub-300ms end-to-end for live voice agents

Sheet Changelog
A1: Price Change Audit Log
A3: Date | B3: Changed By | C3: What Changed | D3: Reason
A4: 2025-05-24 | B4: Deepak | C4: Initial setup | D4: Baseline pricing snapshot from official sources
A5: 2025-05-24 | B5: Deepak | C5: Sarvam STT diarization: 15% → Rs 15/hr flat add-on | D5: Rs 30/hr base + Rs 15/hr add-on = Rs 45/hr (sarvam.ai)
A6: 2025-05-24 | B6: Deepak | C6: Added USD + INR side-by-side columns | D6: Clearer dual-currency view
A7: 2025-05-25 | B7: Deepak | C7: AWS Polly Standard: $4.81 → $4.00/1M chars | D7: Official AWS pricing
A8: 2025-05-25 | B8: Deepak | C8: Azure Neural TTS: $16 → $15/1M chars | D8: Official Azure pricing
A9: 2025-05-25 | B9: Deepak | C9: Azure HD Voices: $91.75 → $22/1M chars | D9: Reduced March 2026 per official Azure
A10: 2025-05-25 | B10: Deepak | C10: Refactored diarization from % surcharge → flat $/hr add-on | D10: Matches how providers actually charge
A11: 2025-05-25 | B11: Deepak | C11: Deepgram diarization: 0% → $0.12/hr flat | D11: deepgram.com/pricing add-ons table
A12: 2025-05-25 | B12: Deepak | C12: AssemblyAI batch diarization: 20% → $0.02/hr flat | D12: assemblyai.com/pricing add-on features
A13: 2025-05-25 | B13: Deepak | C13: AssemblyAI streaming diarization: 20% → $0.12/hr flat | D13: Streaming higher than batch per assemblyai.com
A14: 2025-05-25 | B14: Deepak | C14: Azure batch/fast diarization: 25% → $0.00 (included) | D14: Azure footnote: included with batch STT
... A29: 2025-05-26 | B29: Deepak | C29: Removed filterOutFree — cards/breakdown now sort cheapest first regardless | D29: User controls inclusion via filter checkboxes instead of hidden default exclusion
